image,mask,label,split,class_id,class_name,bbox_x1,bbox_y1,bbox_x2,bbox_y2,grid_row,grid_col
train/images/mini_led_000000.png,train/masks/mini_led_000000_mask.png,train/labels/mini_led_000000.txt,train,1,square,192,249,198,255,23,18
train/images/mini_led_000000.png,train/masks/mini_led_000000_mask.png,train/labels/mini_led_000000.txt,train,1,square,76,150,86,160,14,7
train/images/mini_led_000000.png,train/masks/mini_led_000000_mask.png,train/labels/mini_led_000000.txt,train,0,point,56,109,60,113,10,5
train/images/mini_led_000000.png,train/masks/mini_led_000000_mask.png,train/labels/mini_led_000000.txt,train,4,line_v,89,214,93,255,22,8
train/images/mini_led_000000.png,train/masks/mini_led_000000_mask.png,train/labels/mini_led_000000.txt,train,2,circle,235,77,243,85,7,22
train/images/mini_led_000000.png,train/masks/mini_led_000000_mask.png,train/labels/mini_led_000000.txt,train,0,point,132,76,136,80,7,12
train/images/mini_led_000000.png,train/masks/mini_led_000000_mask.png,train/labels/mini_led_000000.txt,train,2,circle,136,111,158,133,11,13
train/images/mini_led_000000.png,train/masks/mini_led_000000_mask.png,train/labels/mini_led_000000.txt,train,1,square,71,82,83,94,8,7
train/images/mini_led_000001.png,train/masks/mini_led_000001_mask.png,train/labels/mini_led_000001.txt,train,0,point,131,194,135,198,18,12
train/images/mini_led_000001.png,train/masks/mini_led_000001_mask.png,train/labels/mini_led_000001.txt,train,0,point,24,54,28,58,5,2
train/images/mini_led_000002.png,train/masks/mini_led_000002_mask.png,train/labels/mini_led_000002.txt,train,0,point,90,184,96,190,17,8
train/images/mini_led_000002.png,train/masks/mini_led_000002_mask.png,train/labels/mini_led_000002.txt,train,3,line_h,52,81,102,83,7,7
train/images/mini_led_000002.png,train/masks/mini_led_000002_mask.png,train/labels/mini_led_000002.txt,train,0,point,236,110,242,116,10,22
train/images/mini_led_000002.png,train/masks/mini_led_000002_mask.png,train/labels/mini_led_000002.txt,train,4,line_v,142,38,146,84,5,13
train/images/mini_led_000002.png,train/masks/mini_led_000002_mask.png,train/labels/mini_led_000002.txt,train,1,square,12,210,24,222,20,1
train/images/mini_led_000002.png,train/masks/mini_led_000002_mask.png,train/labels/mini_led_000002.txt,train,3,line_h,45,16,71,20,1,5
train/images/mini_led_000002.png,train/masks/mini_led_000002_mask.png,train/labels/mini_led_000002.txt,train,3,line_h,242,59,255,63,5,23
train/images/mini_led_000002.png,train/masks/mini_led_000002_mask.png,train/labels/mini_led_000002.txt,train,2,circle,99,29,121,51,3,10
train/images/mini_led_000003.png,train/masks/mini_led_000003_mask.png,train/labels/mini_led_000003.txt,train,2,circle,48,38,66,56,4,5
train/images/mini_led_000003.png,train/masks/mini_led_000003_mask.png,train/labels/mini_led_000003.txt,train,4,line_v,44,122,48,206,15,4
train/images/mini_led_000003.png,train/masks/mini_led_000003_mask.png,train/labels/mini_led_000003.txt,train,2,circle,238,139,246,147,13,22
train/images/mini_led_000004.png,train/masks/mini_led_000004_mask.png,train/labels/mini_led_000004.txt,train,1,square,159,200,173,214,19,15
train/images/mini_led_000004.png,train/masks/mini_led_000004_mask.png,train/labels/mini_led_000004.txt,train,4,line_v,10,10,16,102,5,1
train/images/mini_led_000005.png,train/masks/mini_led_000005_mask.png,train/labels/mini_led_000005.txt,train,2,circle,206,226,228,248,22,20
train/images/mini_led_000005.png,train/masks/mini_led_000005_mask.png,train/labels/mini_led_000005.txt,train,2,circle,231,222,247,238,21,22
train/images/mini_led_000005.png,train/masks/mini_led_000005_mask.png,train/labels/mini_led_000005.txt,train,4,line_v,4,126,6,154,13,0
train/images/mini_led_000006.png,train/masks/mini_led_000006_mask.png,train/labels/mini_led_000006.txt,train,4,line_v,173,217,177,255,22,16
train/images/mini_led_000006.png,train/masks/mini_led_000006_mask.png,train/labels/mini_led_000006.txt,train,2,circle,116,103,130,117,10,11
train/images/mini_led_000006.png,train/masks/mini_led_000006_mask.png,train/labels/mini_led_000006.txt,train,1,square,106,202,116,212,19,10
train/images/mini_led_000006.png,train/masks/mini_led_000006_mask.png,train/labels/mini_led_000006.txt,train,1,square,86,129,94,137,12,8
train/images/mini_led_000006.png,train/masks/mini_led_000006_mask.png,train/labels/mini_led_000006.txt,train,3,line_h,69,250,115,252,23,8
train/images/mini_led_000006.png,train/masks/mini_led_000006_mask.png,train/labels/mini_led_000006.txt,train,3,line_h,28,244,66,250,23,4
train/images/mini_led_000006.png,train/masks/mini_led_000006_mask.png,train/labels/mini_led_000006.txt,train,2,circle,154,102,174,122,10,15
train/images/mini_led_000006.png,train/masks/mini_led_000006_mask.png,train/labels/mini_led_000006.txt,train,0,point,13,56,15,58,5,1
train/images/mini_led_000007.png,train/masks/mini_led_000007_mask.png,train/labels/mini_led_000007.txt,train,0,point,163,129,167,133,12,15
train/images/mini_led_000007.png,train/masks/mini_led_000007_mask.png,train/labels/mini_led_000007.txt,train,3,line_h,70,2,116,4,0,8
train/images/mini_led_000007.png,train/masks/mini_led_000007_mask.png,train/labels/mini_led_000007.txt,train,0,point,206,152,208,154,14,19
train/images/mini_led_000007.png,train/masks/mini_led_000007_mask.png,train/labels/mini_led_000007.txt,train,1,square,202,8,216,22,1,19
train/images/mini_led_000007.png,train/masks/mini_led_000007_mask.png,train/labels/mini_led_000007.txt,train,4,line_v,205,185,211,211,18,19
train/images/mini_led_000007.png,train/masks/mini_led_000007_mask.png,train/labels/mini_led_000007.txt,train,0,point,15,150,21,156,14,1
train/images/mini_led_000008.png,train/masks/mini_led_000008_mask.png,train/labels/mini_led_000008.txt,train,3,line_h,73,91,129,95,8,9
train/images/mini_led_000008.png,train/masks/mini_led_000008_mask.png,train/labels/mini_led_000008.txt,train,3,line_h,96,229,124,233,21,10
train/images/mini_led_000009.png,train/masks/mini_led_000009_mask.png,train/labels/mini_led_000009.txt,train,1,square,35,25,43,33,2,3
train/images/mini_led_000009.png,train/masks/mini_led_000009_mask.png,train/labels/mini_led_000009.txt,train,3,line_h,125,47,189,49,4,14
train/images/mini_led_000010.png,train/masks/mini_led_000010_mask.png,train/labels/mini_led_000010.txt,train,0,point,238,151,244,157,14,22
train/images/mini_led_000010.png,train/masks/mini_led_000010_mask.png,train/labels/mini_led_000010.txt,train,2,circle,10,108,22,120,10,1
train/images/mini_led_000010.png,train/masks/mini_led_000010_mask.png,train/labels/mini_led_000010.txt,train,0,point,214,14,220,20,1,20
train/images/mini_led_000011.png,train/masks/mini_led_000011_mask.png,train/labels/mini_led_000011.txt,train,2,circle,146,219,164,237,21,14
train/images/mini_led_000011.png,train/masks/mini_led_000011_mask.png,train/labels/mini_led_000011.txt,train,1,square,0,237,4,241,22,0
train/images/mini_led_000012.png,train/masks/mini_led_000012_mask.png,train/labels/mini_led_000012.txt,train,0,point,98,35,100,37,3,9
train/images/mini_led_000012.png,train/masks/mini_led_000012_mask.png,train/labels/mini_led_000012.txt,train,0,point,163,119,165,121,11,15
train/images/mini_led_000012.png,train/masks/mini_led_000012_mask.png,train/labels/mini_led_000012.txt,train,0,point,210,249,212,251,23,19
train/images/mini_led_000012.png,train/masks/mini_led_000012_mask.png,train/labels/mini_led_000012.txt,train,1,square,12,217,20,225,20,1
train/images/mini_led_000013.png,train/masks/mini_led_000013_mask.png,train/labels/mini_led_000013.txt,train,1,square,97,22,103,28,2,9
train/images/mini_led_000013.png,train/masks/mini_led_000013_mask.png,train/labels/mini_led_000013.txt,train,0,point,21,74,27,80,7,2
train/images/mini_led_000013.png,train/masks/mini_led_000013_mask.png,train/labels/mini_led_000013.txt,train,4,line_v,142,0,148,50,0,13
train/images/mini_led_000013.png,train/masks/mini_led_000013_mask.png,train/labels/mini_led_000013.txt,train,2,circle,183,224,191,232,21,17
train/images/mini_led_000014.png,train/masks/mini_led_000014_mask.png,train/labels/mini_led_000014.txt,train,0,point,203,203,207,207,19,19
train/images/mini_led_000014.png,train/masks/mini_led_000014_mask.png,train/labels/mini_led_000014.txt,train,0,point,48,3,50,5,0,4
train/images/mini_led_000014.png,train/masks/mini_led_000014_mask.png,train/labels/mini_led_000014.txt,train,2,circle,100,144,118,162,14,10
train/images/mini_led_000014.png,train/masks/mini_led_000014_mask.png,train/labels/mini_led_000014.txt,train,1,square,56,22,64,30,2,5
train/images/mini_led_000014.png,train/masks/mini_led_000014_mask.png,train/labels/mini_led_000014.txt,train,3,line_h,179,156,255,158,14,20
train/images/mini_led_000014.png,train/masks/mini_led_000014_mask.png,train/labels/mini_led_000014.txt,train,1,square,126,96,138,108,9,12
train/images/mini_led_000014.png,train/masks/mini_led_000014_mask.png,train/labels/mini_led_000014.txt,train,1,square,107,205,115,213,19,10
train/images/mini_led_000015.png,train/masks/mini_led_000015_mask.png,train/labels/mini_led_000015.txt,train,3,line_h,213,176,249,180,16,21
train/images/mini_led_000015.png,train/masks/mini_led_000015_mask.png,train/labels/mini_led_000015.txt,train,2,circle,209,247,221,255,23,20
train/images/mini_led_000015.png,train/masks/mini_led_000015_mask.png,train/labels/mini_led_000015.txt,train,1,square,76,2,84,10,0,7
train/images/mini_led_000015.png,train/masks/mini_led_000015_mask.png,train/labels/mini_led_000015.txt,train,3,line_h,89,70,179,74,6,12
train/images/mini_led_000015.png,train/masks/mini_led_000015_mask.png,train/labels/mini_led_000015.txt,train,4,line_v,54,141,60,213,16,5
train/images/mini_led_000016.png,train/masks/mini_led_000016_mask.png,train/labels/mini_led_000016.txt,train,2,circle,168,220,184,236,21,16
train/images/mini_led_000017.png,train/masks/mini_led_000017_mask.png,train/labels/mini_led_000017.txt,train,0,point,198,151,200,153,14,18
train/images/mini_led_000017.png,train/masks/mini_led_000017_mask.png,train/labels/mini_led_000017.txt,train,0,point,59,23,61,25,2,5
train/images/mini_led_000017.png,train/masks/mini_led_000017_mask.png,train/labels/mini_led_000017.txt,train,3,line_h,44,3,96,7,0,6
train/images/mini_led_000017.png,train/masks/mini_led_000017_mask.png,train/labels/mini_led_000017.txt,train,3,line_h,35,218,105,222,20,6
train/images/mini_led_000017.png,train/masks/mini_led_000017_mask.png,train/labels/mini_led_000017.txt,train,0,point,195,45,197,47,4,18
train/images/mini_led_000017.png,train/masks/mini_led_000017_mask.png,train/labels/mini_led_000017.txt,train,0,point,88,96,94,102,9,8
train/images/mini_led_000018.png,train/masks/mini_led_000018_mask.png,train/labels/mini_led_000018.txt,train,1,square,183,227,189,233,21,17
train/images/mini_led_000018.png,train/masks/mini_led_000018_mask.png,train/labels/mini_led_000018.txt,train,2,circle,165,99,185,119,10,16
train/images/mini_led_000018.png,train/masks/mini_led_000018_mask.png,train/labels/mini_led_000018.txt,train,2,circle,146,31,160,45,3,14
train/images/mini_led_000018.png,train/masks/mini_led_000018_mask.png,train/labels/mini_led_000018.txt,train,3,line_h,27,77,109,79,7,6
train/images/mini_led_000019.png,train/masks/mini_led_000019_mask.png,train/labels/mini_led_000019.txt,train,1,square,121,154,127,160,14,11
train/images/mini_led_000019.png,train/masks/mini_led_000019_mask.png,train/labels/mini_led_000019.txt,train,0,point,174,98,180,104,9,16
train/images/mini_led_000019.png,train/masks/mini_led_000019_mask.png,train/labels/mini_led_000019.txt,train,0,point,234,202,240,208,19,22
train/images/mini_led_000019.png,train/masks/mini_led_000019_mask.png,train/labels/mini_led_000019.txt,train,1,square,44,85,54,95,8,4
train/images/mini_led_000019.png,train/masks/mini_led_000019_mask.png,train/labels/mini_led_000019.txt,train,0,point,101,252,103,254,23,9
train/images/mini_led_000019.png,train/masks/mini_led_000019_mask.png,train/labels/mini_led_000019.txt,train,1,square,74,11,86,23,1,7
train/images/mini_led_000019.png,train/masks/mini_led_000019_mask.png,train/labels/mini_led_000019.txt,train,0,point,77,237,79,239,22,7
train/images/mini_led_000019.png,train/masks/mini_led_000019_mask.png,train/labels/mini_led_000019.txt,train,0,point,80,101,84,105,9,7
train/images/mini_led_000020.png,train/masks/mini_led_000020_mask.png,train/labels/mini_led_000020.txt,train,3,line_h,51,35,103,37,3,7
train/images/mini_led_000020.png,train/masks/mini_led_000020_mask.png,train/labels/mini_led_000020.txt,train,4,line_v,246,0,248,22,0,23
train/images/mini_led_000020.png,train/masks/mini_led_000020_mask.png,train/labels/mini_led_000020.txt,train,2,circle,216,151,226,161,14,20
train/images/mini_led_000021.png,train/masks/mini_led_000021_mask.png,train/labels/mini_led_000021.txt,train,2,circle,0,217,19,239,21,0
train/images/mini_led_000021.png,train/masks/mini_led_000021_mask.png,train/labels/mini_led_000021.txt,train,1,square,131,193,139,201,18,12
train/images/mini_led_000021.png,train/masks/mini_led_000021_mask.png,train/labels/mini_led_000021.txt,train,2,circle,169,236,181,248,22,16
train/images/mini_led_000022.png,train/masks/mini_led_000022_mask.png,train/labels/mini_led_000022.txt,train,1,square,31,117,41,127,11,3
train/images/mini_led_000023.png,train/masks/mini_led_000023_mask.png,train/labels/mini_led_000023.txt,train,2,circle,48,176,70,198,17,5
train/images/mini_led_000023.png,train/masks/mini_led_000023_mask.png,train/labels/mini_led_000023.txt,train,3,line_h,121,63,171,69,6,13
train/images/mini_led_000023.png,train/masks/mini_led_000023_mask.png,train/labels/mini_led_000023.txt,train,1,square,236,140,242,146,13,22
train/images/mini_led_000023.png,train/masks/mini_led_000023_mask.png,train/labels/mini_led_000023.txt,train,0,point,218,37,220,39,3,20
train/images/mini_led_000023.png,train/masks/mini_led_000023_mask.png,train/labels/mini_led_000023.txt,train,0,point,246,16,250,20,1,23
train/images/mini_led_000023.png,train/masks/mini_led_000023_mask.png,train/labels/mini_led_000023.txt,train,1,square,148,222,156,230,21,14
train/images/mini_led_000023.png,train/masks/mini_led_000023_mask.png,train/labels/mini_led_000023.txt,train,1,square,225,99,231,105,9,21
train/images/mini_led_000023.png,train/masks/mini_led_000023_mask.png,train/labels/mini_led_000023.txt,train,2,circle,47,0,67,15,0,5
train/images/mini_led_000024.png,train/masks/mini_led_000024_mask.png,train/labels/mini_led_000024.txt,train,0,point,58,142,62,146,13,5
train/images/mini_led_000024.png,train/masks/mini_led_000024_mask.png,train/labels/mini_led_000024.txt,train,2,circle,37,209,53,225,20,4
train/images/mini_led_000024.png,train/masks/mini_led_000024_mask.png,train/labels/mini_led_000024.txt,train,0,point,151,160,157,166,15,14
train/images/mini_led_000024.png,train/masks/mini_led_000024_mask.png,train/labels/mini_led_000024.txt,train,4,line_v,248,31,252,69,4,23
train/images/mini_led_000024.png,train/masks/mini_led_000024_mask.png,train/labels/mini_led_000024.txt,train,0,point,251,26,255,30,2,23
train/images/mini_led_000024.png,train/masks/mini_led_000024_mask.png,train/labels/mini_led_000024.txt,train,4,line_v,197,32,199,86,5,18
train/images/mini_led_000025.png,train/masks/mini_led_000025_mask.png,train/labels/mini_led_000025.txt,train,2,circle,187,168,205,186,16,18
train/images/mini_led_000025.png,train/masks/mini_led_000025_mask.png,train/labels/mini_led_000025.txt,train,2,circle,52,118,60,126,11,5
train/images/mini_led_000025.png,train/masks/mini_led_000025_mask.png,train/labels/mini_led_000025.txt,train,0,point,96,86,102,92,8,9
train/images/mini_led_000025.png,train/masks/mini_led_000025_mask.png,train/labels/mini_led_000025.txt,train,4,line_v,108,173,110,215,18,10
train/images/mini_led_000025.png,train/masks/mini_led_000025_mask.png,train/labels/mini_led_000025.txt,train,4,line_v,22,162,24,228,18,2
train/images/mini_led_000025.png,train/masks/mini_led_000025_mask.png,train/labels/mini_led_000025.txt,train,0,point,162,70,164,72,6,15
train/images/mini_led_000025.png,train/masks/mini_led_000025_mask.png,train/labels/mini_led_000025.txt,train,2,circle,0,61,16,83,6,0
train/images/mini_led_000025.png,train/masks/mini_led_000025_mask.png,train/labels/mini_led_000025.txt,train,0,point,46,37,48,39,3,4
train/images/mini_led_000026.png,train/masks/mini_led_000026_mask.png,train/labels/mini_led_000026.txt,train,1,square,83,141,93,151,13,8
train/images/mini_led_000027.png,train/masks/mini_led_000027_mask.png,train/labels/mini_led_000027.txt,train,3,line_h,176,131,255,133,12,20
train/images/mini_led_000027.png,train/masks/mini_led_000027_mask.png,train/labels/mini_led_000027.txt,train,1,square,151,13,161,23,1,14
train/images/mini_led_000027.png,train/masks/mini_led_000027_mask.png,train/labels/mini_led_000027.txt,train,1,square,107,203,115,211,19,10
train/images/mini_led_000027.png,train/masks/mini_led_000027_mask.png,train/labels/mini_led_000027.txt,train,2,circle,0,241,14,255,23,0
train/images/mini_led_000027.png,train/masks/mini_led_000027_mask.png,train/labels/mini_led_000027.txt,train,0,point,216,163,222,169,15,20
train/images/mini_led_000027.png,train/masks/mini_led_000027_mask.png,train/labels/mini_led_000027.txt,train,0,point,37,80,43,86,7,3
train/images/mini_led_000028.png,train/masks/mini_led_000028_mask.png,train/labels/mini_led_000028.txt,train,2,circle,214,13,224,23,1,20
train/images/mini_led_000029.png,train/masks/mini_led_000029_mask.png,train/labels/mini_led_000029.txt,train,2,circle,174,105,182,113,10,16
train/images/mini_led_000029.png,train/masks/mini_led_000029_mask.png,train/labels/mini_led_000029.txt,train,3,line_h,211,193,255,199,18,22
train/images/mini_led_000029.png,train/masks/mini_led_000029_mask.png,train/labels/mini_led_000029.txt,train,3,line_h,64,47,94,49,4,7
train/images/mini_led_000029.png,train/masks/mini_led_000029_mask.png,train/labels/mini_led_000029.txt,train,0,point,26,21,32,27,2,2
train/images/mini_led_000029.png,train/masks/mini_led_000029_mask.png,train/labels/mini_led_000029.txt,train,0,point,122,237,128,243,22,11
train/images/mini_led_000029.png,train/masks/mini_led_000029_mask.png,train/labels/mini_led_000029.txt,train,2,circle,18,218,34,234,21,2
train/images/mini_led_000029.png,train/masks/mini_led_000029_mask.png,train/labels/mini_led_000029.txt,train,3,line_h,53,215,107,219,20,7
train/images/mini_led_000029.png,train/masks/mini_led_000029_mask.png,train/labels/mini_led_000029.txt,train,0,point,252,112,254,114,10,23
train/images/mini_led_000030.png,train/masks/mini_led_000030_mask.png,train/labels/mini_led_000030.txt,train,0,point,181,172,185,176,16,17
train/images/mini_led_000030.png,train/masks/mini_led_000030_mask.png,train/labels/mini_led_000030.txt,train,0,point,235,25,241,31,2,22
train/images/mini_led_000030.png,train/masks/mini_led_000030_mask.png,train/labels/mini_led_000030.txt,train,4,line_v,15,98,17,190,13,1
train/images/mini_led_000030.png,train/masks/mini_led_000030_mask.png,train/labels/mini_led_000030.txt,train,1,square,159,50,171,62,5,15
train/images/mini_led_000030.png,train/masks/mini_led_000030_mask.png,train/labels/mini_led_000030.txt,train,1,square,222,105,230,113,10,21
train/images/mini_led_000030.png,train/masks/mini_led_000030_mask.png,train/labels/mini_led_000030.txt,train,1,square,66,224,78,236,21,6
train/images/mini_led_000031.png,train/masks/mini_led_000031_mask.png,train/labels/mini_led_000031.txt,train,1,square,5,111,9,115,10,0
train/images/mini_led_000032.png,train/masks/mini_led_000032_mask.png,train/labels/mini_led_000032.txt,train,1,square,84,139,92,147,13,8
train/images/mini_led_000033.png,train/masks/mini_led_000033_mask.png,train/labels/mini_led_000033.txt,train,3,line_h,161,14,237,16,1,18
train/images/mini_led_000034.png,train/masks/mini_led_000034_mask.png,train/labels/mini_led_000034.txt,train,2,circle,198,71,220,93,7,19
train/images/mini_led_000034.png,train/masks/mini_led_000034_mask.png,train/labels/mini_led_000034.txt,train,3,line_h,3,3,25,7,0,1
train/images/mini_led_000034.png,train/masks/mini_led_000034_mask.png,train/labels/mini_led_000034.txt,train,1,square,33,100,41,108,9,3
train/images/mini_led_000034.png,train/masks/mini_led_000034_mask.png,train/labels/mini_led_000034.txt,train,2,circle,177,230,191,244,22,17
train/images/mini_led_000034.png,train/masks/mini_led_000034_mask.png,train/labels/mini_led_000034.txt,train,2,circle,51,125,69,143,12,5
train/images/mini_led_000034.png,train/masks/mini_led_000034_mask.png,train/labels/mini_led_000034.txt,train,4,line_v,184,177,188,201,17,17
train/images/mini_led_000034.png,train/masks/mini_led_000034_mask.png,train/labels/mini_led_000034.txt,train,2,circle,42,0,52,8,0,4
train/images/mini_led_000035.png,train/masks/mini_led_000035_mask.png,train/labels/mini_led_000035.txt,train,4,line_v,87,85,89,113,9,8
train/images/mini_led_000036.png,train/masks/mini_led_000036_mask.png,train/labels/mini_led_000036.txt,train,2,circle,138,106,146,114,10,13
train/images/mini_led_000036.png,train/masks/mini_led_000036_mask.png,train/labels/mini_led_000036.txt,train,1,square,213,177,227,191,17,20
train/images/mini_led_000036.png,train/masks/mini_led_000036_mask.png,train/labels/mini_led_000036.txt,train,2,circle,240,75,254,89,7,23
train/images/mini_led_000036.png,train/masks/mini_led_000036_mask.png,train/labels/mini_led_000036.txt,train,0,point,11,11,15,15,1,1
train/images/mini_led_000036.png,train/masks/mini_led_000036_mask.png,train/labels/mini_led_000036.txt,train,4,line_v,241,190,243,252,20,22
train/images/mini_led_000036.png,train/masks/mini_led_000036_mask.png,train/labels/mini_led_000036.txt,train,0,point,32,250,36,254,23,3
train/images/mini_led_000036.png,train/masks/mini_led_000036_mask.png,train/labels/mini_led_000036.txt,train,2,circle,103,30,115,42,3,10
train/images/mini_led_000037.png,train/masks/mini_led_000037_mask.png,train/labels/mini_led_000037.txt,train,0,point,27,141,31,145,13,2
train/images/mini_led_000037.png,train/masks/mini_led_000037_mask.png,train/labels/mini_led_000037.txt,train,2,circle,5,176,21,192,17,1
train/images/mini_led_000037.png,train/masks/mini_led_000037_mask.png,train/labels/mini_led_000037.txt,train,0,point,132,246,136,250,23,12
train/images/mini_led_000037.png,train/masks/mini_led_000037_mask.png,train/labels/mini_led_000037.txt,train,1,square,151,96,161,106,9,14
train/images/mini_led_000037.png,train/masks/mini_led_000037_mask.png,train/labels/mini_led_000037.txt,train,3,line_h,158,2,212,4,0,17
train/images/mini_led_000037.png,train/masks/mini_led_000037_mask.png,train/labels/mini_led_000037.txt,train,0,point,6,173,8,175,16,0
train/images/mini_led_000038.png,train/masks/mini_led_000038_mask.png,train/labels/mini_led_000038.txt,train,1,square,204,13,212,21,1,19
train/images/mini_led_000038.png,train/masks/mini_led_000038_mask.png,train/labels/mini_led_000038.txt,train,0,point,0,90,4,94,8,0
train/images/mini_led_000038.png,train/masks/mini_led_000038_mask.png,train/labels/mini_led_000038.txt,train,4,line_v,133,205,135,251,21,12
train/images/mini_led_000038.png,train/masks/mini_led_000038_mask.png,train/labels/mini_led_000038.txt,train,0,point,191,22,197,28,2,18
train/images/mini_led_000038.png,train/masks/mini_led_000038_mask.png,train/labels/mini_led_000038.txt,train,0,point,122,4,124,6,0,11
train/images/mini_led_000038.png,train/masks/mini_led_000038_mask.png,train/labels/mini_led_000038.txt,train,3,line_h,135,111,199,113,10,15
train/images/mini_led_000038.png,train/masks/mini_led_000038_mask.png,train/labels/mini_led_000038.txt,train,3,line_h,0,37,50,39,3,1
train/images/mini_led_000038.png,train/masks/mini_led_000038_mask.png,train/labels/mini_led_000038.txt,train,0,point,44,13,50,19,1,4
train/images/mini_led_000039.png,train/masks/mini_led_000039_mask.png,train/labels/mini_led_000039.txt,train,4,line_v,203,142,207,172,14,19
train/images/mini_led_000039.png,train/masks/mini_led_000039_mask.png,train/labels/mini_led_000039.txt,train,0,point,172,57,174,59,5,16
train/images/mini_led_000040.png,train/masks/mini_led_000040_mask.png,train/labels/mini_led_000040.txt,train,2,circle,211,153,231,173,15,20
train/images/mini_led_000040.png,train/masks/mini_led_000040_mask.png,train/labels/mini_led_000040.txt,train,1,square,107,66,117,76,6,10
train/images/mini_led_000040.png,train/masks/mini_led_000040_mask.png,train/labels/mini_led_000040.txt,train,0,point,36,151,42,157,14,3
train/images/mini_led_000040.png,train/masks/mini_led_000040_mask.png,train/labels/mini_led_000040.txt,train,3,line_h,60,110,116,114,10,8
train/images/mini_led_000040.png,train/masks/mini_led_000040_mask.png,train/labels/mini_led_000040.txt,train,3,line_h,180,205,255,209,19,20
train/images/mini_led_000040.png,train/masks/mini_led_000040_mask.png,train/labels/mini_led_000040.txt,train,2,circle,184,193,206,215,19,18
train/images/mini_led_000041.png,train/masks/mini_led_000041_mask.png,train/labels/mini_led_000041.txt,train,4,line_v,191,22,197,68,4,18
train/images/mini_led_000041.png,train/masks/mini_led_000041_mask.png,train/labels/mini_led_000041.txt,train,1,square,164,86,170,92,8,15
train/images/mini_led_000041.png,train/masks/mini_led_000041_mask.png,train/labels/mini_led_000041.txt,train,3,line_h,0,201,30,207,19,0
train/images/mini_led_000042.png,train/masks/mini_led_000042_mask.png,train/labels/mini_led_000042.txt,train,2,circle,169,31,181,43,3,16
train/images/mini_led_000043.png,train/masks/mini_led_000043_mask.png,train/labels/mini_led_000043.txt,train,2,circle,201,38,217,54,4,19
train/images/mini_led_000043.png,train/masks/mini_led_000043_mask.png,train/labels/mini_led_000043.txt,train,1,square,51,96,61,106,9,5
train/images/mini_led_000044.png,train/masks/mini_led_000044_mask.png,train/labels/mini_led_000044.txt,train,4,line_v,149,126,153,176,14,14
train/images/mini_led_000045.png,train/masks/mini_led_000045_mask.png,train/labels/mini_led_000045.txt,train,0,point,67,68,69,70,6,6
train/images/mini_led_000045.png,train/masks/mini_led_000045_mask.png,train/labels/mini_led_000045.txt,train,0,point,66,174,68,176,16,6
train/images/mini_led_000045.png,train/masks/mini_led_000045_mask.png,train/labels/mini_led_000045.txt,train,2,circle,195,215,203,223,20,18
train/images/mini_led_000046.png,train/masks/mini_led_000046_mask.png,train/labels/mini_led_000046.txt,train,0,point,85,141,91,147,13,8
train/images/mini_led_000046.png,train/masks/mini_led_000046_mask.png,train/labels/mini_led_000046.txt,train,4,line_v,111,0,117,51,0,10
train/images/mini_led_000046.png,train/masks/mini_led_000046_mask.png,train/labels/mini_led_000046.txt,train,4,line_v,186,151,190,181,15,17
train/images/mini_led_000047.png,train/masks/mini_led_000047_mask.png,train/labels/mini_led_000047.txt,train,1,square,129,205,135,211,19,12
train/images/mini_led_000047.png,train/masks/mini_led_000047_mask.png,train/labels/mini_led_000047.txt,train,4,line_v,67,46,73,108,7,6
train/images/mini_led_000047.png,train/masks/mini_led_000047_mask.png,train/labels/mini_led_000047.txt,train,3,line_h,183,4,211,10,0,18
train/images/mini_led_000047.png,train/masks/mini_led_000047_mask.png,train/labels/mini_led_000047.txt,train,1,square,51,73,61,83,7,5
train/images/mini_led_000047.png,train/masks/mini_led_000047_mask.png,train/labels/mini_led_000047.txt,train,1,square,158,183,170,195,17,15
train/images/mini_led_000048.png,train/masks/mini_led_000048_mask.png,train/labels/mini_led_000048.txt,train,0,point,129,4,135,10,0,12
train/images/mini_led_000049.png,train/masks/mini_led_000049_mask.png,train/labels/mini_led_000049.txt,train,3,line_h,78,228,144,230,21,10
train/images/mini_led_000049.png,train/masks/mini_led_000049_mask.png,train/labels/mini_led_000049.txt,train,1,square,95,236,107,248,22,9
train/images/mini_led_000049.png,train/masks/mini_led_000049_mask.png,train/labels/mini_led_000049.txt,train,3,line_h,79,48,141,50,4,10
train/images/mini_led_000049.png,train/masks/mini_led_000049_mask.png,train/labels/mini_led_000049.txt,train,1,square,151,21,163,33,2,14
train/images/mini_led_000049.png,train/masks/mini_led_000049_mask.png,train/labels/mini_led_000049.txt,train,0,point,75,12,81,18,1,7
train/images/mini_led_000049.png,train/masks/mini_led_000049_mask.png,train/labels/mini_led_000049.txt,train,0,point,53,161,57,165,15,5
train/images/mini_led_000049.png,train/masks/mini_led_000049_mask.png,train/labels/mini_led_000049.txt,train,1,square,231,124,243,136,12,22
train/images/mini_led_000050.png,train/masks/mini_led_000050_mask.png,train/labels/mini_led_000050.txt,train,4,line_v,15,67,17,115,8,1
train/images/mini_led_000050.png,train/masks/mini_led_000050_mask.png,train/labels/mini_led_000050.txt,train,0,point,214,58,216,60,5,20
train/images/mini_led_000050.png,train/masks/mini_led_000050_mask.png,train/labels/mini_led_000050.txt,train,3,line_h,13,111,81,113,10,4
train/images/mini_led_000050.png,train/masks/mini_led_000050_mask.png,train/labels/mini_led_000050.txt,train,0,point,15,216,21,222,20,1
train/images/mini_led_000050.png,train/masks/mini_led_000050_mask.png,train/labels/mini_led_000050.txt,train,1,square,72,65,80,73,6,7
train/images/mini_led_000051.png,train/masks/mini_led_000051_mask.png,train/labels/mini_led_000051.txt,train,4,line_v,110,112,112,170,13,10
train/images/mini_led_000051.png,train/masks/mini_led_000051_mask.png,train/labels/mini_led_000051.txt,train,0,point,238,32,242,36,3,22
train/images/mini_led_000051.png,train/masks/mini_led_000051_mask.png,train/labels/mini_led_000051.txt,train,2,circle,241,133,255,151,13,23
train/images/mini_led_000051.png,train/masks/mini_led_000051_mask.png,train/labels/mini_led_000051.txt,train,3,line_h,0,192,18,196,18,0
train/images/mini_led_000051.png,train/masks/mini_led_000051_mask.png,train/labels/mini_led_000051.txt,train,3,line_h,148,184,198,186,17,16
train/images/mini_led_000051.png,train/masks/mini_led_000051_mask.png,train/labels/mini_led_000051.txt,train,1,square,245,121,253,129,11,23
train/images/mini_led_000052.png,train/masks/mini_led_000052_mask.png,train/labels/mini_led_000052.txt,train,4,line_v,102,21,104,77,4,9
train/images/mini_led_000052.png,train/masks/mini_led_000052_mask.png,train/labels/mini_led_000052.txt,train,1,square,19,96,33,110,9,2
train/images/mini_led_000052.png,train/masks/mini_led_000052_mask.png,train/labels/mini_led_000052.txt,train,2,circle,51,192,65,206,18,5
train/images/mini_led_000052.png,train/masks/mini_led_000052_mask.png,train/labels/mini_led_000052.txt,train,2,circle,231,106,243,118,10,22
train/images/mini_led_000052.png,train/masks/mini_led_000052_mask.png,train/labels/mini_led_000052.txt,train,3,line_h,174,173,216,177,16,18
train/images/mini_led_000052.png,train/masks/mini_led_000052_mask.png,train/labels/mini_led_000052.txt,train,2,circle,168,142,176,150,13,16
train/images/mini_led_000052.png,train/masks/mini_led_000052_mask.png,train/labels/mini_led_000052.txt,train,1,square,75,217,83,225,20,7
train/images/mini_led_000052.png,train/masks/mini_led_000052_mask.png,train/labels/mini_led_000052.txt,train,0,point,204,203,210,209,19,19
train/images/mini_led_000053.png,train/masks/mini_led_000053_mask.png,train/labels/mini_led_000053.txt,train,3,line_h,47,98,85,102,9,6
train/images/mini_led_000053.png,train/masks/mini_led_000053_mask.png,train/labels/mini_led_000053.txt,train,0,point,250,80,252,82,7,23
train/images/mini_led_000054.png,train/masks/mini_led_000054_mask.png,train/labels/mini_led_000054.txt,train,3,line_h,141,248,231,250,23,17
train/images/mini_led_000054.png,train/masks/mini_led_000054_mask.png,train/labels/mini_led_000054.txt,train,1,square,128,223,142,237,21,12
train/images/mini_led_000054.png,train/masks/mini_led_000054_mask.png,train/labels/mini_led_000054.txt,train,4,line_v,139,222,143,255,23,13
train/images/mini_led_000054.png,train/masks/mini_led_000054_mask.png,train/labels/mini_led_000054.txt,train,1,square,189,54,201,66,5,18
train/images/mini_led_000054.png,train/masks/mini_led_000054_mask.png,train/labels/mini_led_000054.txt,train,1,square,171,139,185,153,13,16
train/images/mini_led_000054.png,train/masks/mini_led_000054_mask.png,train/labels/mini_led_000054.txt,train,1,square,163,144,167,148,13,15
train/images/mini_led_000055.png,train/masks/mini_led_000055_mask.png,train/labels/mini_led_000055.txt,train,0,point,109,35,111,37,3,10
train/images/mini_led_000056.png,train/masks/mini_led_000056_mask.png,train/labels/mini_led_000056.txt,train,0,point,71,80,73,82,7,6
train/images/mini_led_000056.png,train/masks/mini_led_000056_mask.png,train/labels/mini_led_000056.txt,train,2,circle,89,112,109,132,11,9
train/images/mini_led_000056.png,train/masks/mini_led_000056_mask.png,train/labels/mini_led_000056.txt,train,2,circle,10,138,24,152,13,1
train/images/mini_led_000056.png,train/masks/mini_led_000056_mask.png,train/labels/mini_led_000056.txt,train,0,point,185,165,187,167,15,17
train/images/mini_led_000056.png,train/masks/mini_led_000056_mask.png,train/labels/mini_led_000056.txt,train,0,point,141,81,145,85,7,13
train/images/mini_led_000056.png,train/masks/mini_led_000056_mask.png,train/labels/mini_led_000056.txt,train,4,line_v,151,114,155,194,14,14
train/images/mini_led_000056.png,train/masks/mini_led_000056_mask.png,train/labels/mini_led_000056.txt,train,1,square,94,119,106,131,11,9
train/images/mini_led_000057.png,train/masks/mini_led_000057_mask.png,train/labels/mini_led_000057.txt,train,2,circle,27,36,43,52,4,3
train/images/mini_led_000057.png,train/masks/mini_led_000057_mask.png,train/labels/mini_led_000057.txt,train,2,circle,53,233,61,241,22,5
train/images/mini_led_000058.png,train/masks/mini_led_000058_mask.png,train/labels/mini_led_000058.txt,train,2,circle,101,229,121,249,22,10
train/images/mini_led_000058.png,train/masks/mini_led_000058_mask.png,train/labels/mini_led_000058.txt,train,1,square,184,94,194,104,9,17
train/images/mini_led_000058.png,train/masks/mini_led_000058_mask.png,train/labels/mini_led_000058.txt,train,0,point,170,161,176,167,15,16
train/images/mini_led_000058.png,train/masks/mini_led_000058_mask.png,train/labels/mini_led_000058.txt,train,2,circle,103,72,117,86,7,10
train/images/mini_led_000058.png,train/masks/mini_led_000058_mask.png,train/labels/mini_led_000058.txt,train,3,line_h,0,77,29,83,7,0
train/images/mini_led_000058.png,train/masks/mini_led_000058_mask.png,train/labels/mini_led_000058.txt,train,1,square,236,244,248,255,23,22
train/images/mini_led_000058.png,train/masks/mini_led_000058_mask.png,train/labels/mini_led_000058.txt,train,4,line_v,57,43,61,95,6,5
train/images/mini_led_000059.png,train/masks/mini_led_000059_mask.png,train/labels/mini_led_000059.txt,train,3,line_h,77,161,143,165,15,10
train/images/mini_led_000059.png,train/masks/mini_led_000059_mask.png,train/labels/mini_led_000059.txt,train,2,circle,182,161,194,173,15,17
train/images/mini_led_000060.png,train/masks/mini_led_000060_mask.png,train/labels/mini_led_000060.txt,train,3,line_h,150,205,220,207,19,17
train/images/mini_led_000060.png,train/masks/mini_led_000060_mask.png,train/labels/mini_led_000060.txt,train,4,line_v,194,37,198,119,7,18
train/images/mini_led_000061.png,train/masks/mini_led_000061_mask.png,train/labels/mini_led_000061.txt,train,4,line_v,175,47,177,115,7,16
train/images/mini_led_000061.png,train/masks/mini_led_000061_mask.png,train/labels/mini_led_000061.txt,train,0,point,90,121,94,125,11,8
train/images/mini_led_000062.png,train/masks/mini_led_000062_mask.png,train/labels/mini_led_000062.txt,train,4,line_v,119,157,123,241,18,11
train/images/mini_led_000063.png,train/masks/mini_led_000063_mask.png,train/labels/mini_led_000063.txt,train,1,square,114,52,124,62,5,11
train/images/mini_led_000063.png,train/masks/mini_led_000063_mask.png,train/labels/mini_led_000063.txt,train,2,circle,4,165,26,187,16,1
train/images/mini_led_000063.png,train/masks/mini_led_000063_mask.png,train/labels/mini_led_000063.txt,train,2,circle,165,0,181,11,0,16
train/images/mini_led_000064.png,train/masks/mini_led_000064_mask.png,train/labels/mini_led_000064.txt,train,4,line_v,87,186,89,244,20,8
train/images/mini_led_000064.png,train/masks/mini_led_000064_mask.png,train/labels/mini_led_000064.txt,train,0,point,3,238,7,242,22,0
train/images/mini_led_000065.png,train/masks/mini_led_000065_mask.png,train/labels/mini_led_000065.txt,train,1,square,180,157,192,169,15,17
train/images/mini_led_000065.png,train/masks/mini_led_000065_mask.png,train/labels/mini_led_000065.txt,train,0,point,121,12,127,18,1,11
train/images/mini_led_000065.png,train/masks/mini_led_000065_mask.png,train/labels/mini_led_000065.txt,train,3,line_h,97,215,175,219,20,12
train/images/mini_led_000065.png,train/masks/mini_led_000065_mask.png,train/labels/mini_led_000065.txt,train,0,point,240,91,242,93,8,22
train/images/mini_led_000065.png,train/masks/mini_led_000065_mask.png,train/labels/mini_led_000065.txt,train,1,square,42,154,46,158,14,4
train/images/mini_led_000065.png,train/masks/mini_led_000065_mask.png,train/labels/mini_led_000065.txt,train,1,square,11,162,19,170,15,1
train/images/mini_led_000066.png,train/masks/mini_led_000066_mask.png,train/labels/mini_led_000066.txt,train,0,point,240,1,246,7,0,22
train/images/mini_led_000066.png,train/masks/mini_led_000066_mask.png,train/labels/mini_led_000066.txt,train,4,line_v,250,163,255,213,17,23
train/images/mini_led_000066.png,train/masks/mini_led_000066_mask.png,train/labels/mini_led_000066.txt,train,1,square,149,105,161,117,10,14
train/images/mini_led_000066.png,train/masks/mini_led_000066_mask.png,train/labels/mini_led_000066.txt,train,3,line_h,61,130,123,134,12,8
train/images/mini_led_000066.png,train/masks/mini_led_000066_mask.png,train/labels/mini_led_000066.txt,train,0,point,42,59,46,63,5,4
train/images/mini_led_000066.png,train/masks/mini_led_000066_mask.png,train/labels/mini_led_000066.txt,train,3,line_h,192,92,255,94,8,21
train/images/mini_led_000066.png,train/masks/mini_led_000066_mask.png,train/labels/mini_led_000066.txt,train,0,point,150,16,152,18,1,14
train/images/mini_led_000066.png,train/masks/mini_led_000066_mask.png,train/labels/mini_led_000066.txt,train,4,line_v,195,117,199,171,13,18
train/images/mini_led_000067.png,train/masks/mini_led_000067_mask.png,train/labels/mini_led_000067.txt,train,1,square,163,228,169,234,21,15
train/images/mini_led_000067.png,train/masks/mini_led_000067_mask.png,train/labels/mini_led_000067.txt,train,1,square,35,22,41,28,2,3
train/images/mini_led_000067.png,train/masks/mini_led_000067_mask.png,train/labels/mini_led_000067.txt,train,0,point,89,68,91,70,6,8
train/images/mini_led_000067.png,train/masks/mini_led_000067_mask.png,train/labels/mini_led_000067.txt,train,3,line_h,0,102,72,106,9,3
train/images/mini_led_000068.png,train/masks/mini_led_000068_mask.png,train/labels/mini_led_000068.txt,train,1,square,83,200,97,214,19,8
train/images/mini_led_000068.png,train/masks/mini_led_000068_mask.png,train/labels/mini_led_000068.txt,train,2,circle,103,0,117,11,0,10
train/images/mini_led_000068.png,train/masks/mini_led_000068_mask.png,train/labels/mini_led_000068.txt,train,3,line_h,177,192,255,196,18,20
train/images/mini_led_000068.png,train/masks/mini_led_000068_mask.png,train/labels/mini_led_000068.txt,train,0,point,212,180,218,186,17,20
train/images/mini_led_000068.png,train/masks/mini_led_000068_mask.png,train/labels/mini_led_000068.txt,train,2,circle,167,81,179,93,8,16
train/images/mini_led_000068.png,train/masks/mini_led_000068_mask.png,train/labels/mini_led_000068.txt,train,3,line_h,49,119,115,123,11,7
train/images/mini_led_000068.png,train/masks/mini_led_000068_mask.png,train/labels/mini_led_000068.txt,train,2,circle,138,199,150,211,19,13
train/images/mini_led_000069.png,train/masks/mini_led_000069_mask.png,train/labels/mini_led_000069.txt,train,2,circle,3,64,13,74,6,0
train/images/mini_led_000070.png,train/masks/mini_led_000070_mask.png,train/labels/mini_led_000070.txt,train,1,square,118,109,128,119,10,11
train/images/mini_led_000070.png,train/masks/mini_led_000070_mask.png,train/labels/mini_led_000070.txt,train,2,circle,10,73,20,83,7,1
train/images/mini_led_000070.png,train/masks/mini_led_000070_mask.png,train/labels/mini_led_000070.txt,train,3,line_h,217,239,255,241,22,22
train/images/mini_led_000070.png,train/masks/mini_led_000070_mask.png,train/labels/mini_led_000070.txt,train,3,line_h,78,85,146,91,8,10
train/images/mini_led_000070.png,train/masks/mini_led_000070_mask.png,train/labels/mini_led_000070.txt,train,0,point,56,248,58,250,23,5
train/images/mini_led_000070.png,train/masks/mini_led_000070_mask.png,train/labels/mini_led_000070.txt,train,3,line_h,210,57,255,63,5,22
train/images/mini_led_000070.png,train/masks/mini_led_000070_mask.png,train/labels/mini_led_000070.txt,train,0,point,65,144,67,146,13,6
train/images/mini_led_000070.png,train/masks/mini_led_000070_mask.png,train/labels/mini_led_000070.txt,train,1,square,8,215,18,225,20,1
train/images/mini_led_000071.png,train/masks/mini_led_000071_mask.png,train/labels/mini_led_000071.txt,train,0,point,204,248,210,254,23,19
train/images/mini_led_000071.png,train/masks/mini_led_000071_mask.png,train/labels/mini_led_000071.txt,train,0,point,214,238,218,242,22,20
train/images/mini_led_000072.png,train/masks/mini_led_000072_mask.png,train/labels/mini_led_000072.txt,train,1,square,83,55,91,63,5,8
train/images/mini_led_000072.png,train/masks/mini_led_000072_mask.png,train/labels/mini_led_000072.txt,train,3,line_h,0,183,50,189,17,0
train/images/mini_led_000072.png,train/masks/mini_led_000072_mask.png,train/labels/mini_led_000072.txt,train,0,point,151,239,157,245,22,14
train/images/mini_led_000072.png,train/masks/mini_led_000072_mask.png,train/labels/mini_led_000072.txt,train,0,point,98,56,102,60,5,9
train/images/mini_led_000072.png,train/masks/mini_led_000072_mask.png,train/labels/mini_led_000072.txt,train,2,circle,157,59,177,79,6,15
train/images/mini_led_000072.png,train/masks/mini_led_000072_mask.png,train/labels/mini_led_000072.txt,train,0,point,53,131,57,135,12,5
train/images/mini_led_000073.png,train/masks/mini_led_000073_mask.png,train/labels/mini_led_000073.txt,train,0,point,154,79,156,81,7,14
train/images/mini_led_000073.png,train/masks/mini_led_000073_mask.png,train/labels/mini_led_000073.txt,train,4,line_v,111,82,115,164,11,10
train/images/mini_led_000073.png,train/masks/mini_led_000073_mask.png,train/labels/mini_led_000073.txt,train,0,point,45,228,49,232,21,4
train/images/mini_led_000074.png,train/masks/mini_led_000074_mask.png,train/labels/mini_led_000074.txt,train,1,square,213,41,225,53,4,20
train/images/mini_led_000074.png,train/masks/mini_led_000074_mask.png,train/labels/mini_led_000074.txt,train,0,point,23,224,29,230,21,2
train/images/mini_led_000074.png,train/masks/mini_led_000074_mask.png,train/labels/mini_led_000074.txt,train,0,point,67,42,73,48,4,6
train/images/mini_led_000074.png,train/masks/mini_led_000074_mask.png,train/labels/mini_led_000074.txt,train,1,square,110,131,118,139,12,10
train/images/mini_led_000074.png,train/masks/mini_led_000074_mask.png,train/labels/mini_led_000074.txt,train,1,square,228,235,234,241,22,21
train/images/mini_led_000074.png,train/masks/mini_led_000074_mask.png,train/labels/mini_led_000074.txt,train,4,line_v,250,140,255,170,14,23
train/images/mini_led_000074.png,train/masks/mini_led_000074_mask.png,train/labels/mini_led_000074.txt,train,1,square,192,137,200,145,13,18
train/images/mini_led_000074.png,train/masks/mini_led_000074_mask.png,train/labels/mini_led_000074.txt,train,1,square,195,100,201,106,9,18
train/images/mini_led_000075.png,train/masks/mini_led_000075_mask.png,train/labels/mini_led_000075.txt,train,1,square,143,141,149,147,13,13
train/images/mini_led_000075.png,train/masks/mini_led_000075_mask.png,train/labels/mini_led_000075.txt,train,2,circle,47,133,65,151,13,5
train/images/mini_led_000076.png,train/masks/mini_led_000076_mask.png,train/labels/mini_led_000076.txt,train,3,line_h,209,194,255,196,18,21
train/images/mini_led_000077.png,train/masks/mini_led_000077_mask.png,train/labels/mini_led_000077.txt,train,3,line_h,102,66,140,72,6,11
train/images/mini_led_000077.png,train/masks/mini_led_000077_mask.png,train/labels/mini_led_000077.txt,train,2,circle,138,244,154,255,23,13
train/images/mini_led_000077.png,train/masks/mini_led_000077_mask.png,train/labels/mini_led_000077.txt,train,2,circle,45,217,53,225,20,4
train/images/mini_led_000077.png,train/masks/mini_led_000077_mask.png,train/labels/mini_led_000077.txt,train,0,point,217,78,219,80,7,20
train/images/mini_led_000077.png,train/masks/mini_led_000077_mask.png,train/labels/mini_led_000077.txt,train,4,line_v,153,210,155,242,21,14
train/images/mini_led_000077.png,train/masks/mini_led_000077_mask.png,train/labels/mini_led_000077.txt,train,4,line_v,251,100,253,140,11,23
train/images/mini_led_000078.png,train/masks/mini_led_000078_mask.png,train/labels/mini_led_000078.txt,train,1,square,214,170,224,180,16,20
train/images/mini_led_000078.png,train/masks/mini_led_000078_mask.png,train/labels/mini_led_000078.txt,train,1,square,156,190,168,202,18,15
train/images/mini_led_000078.png,train/masks/mini_led_000078_mask.png,train/labels/mini_led_000078.txt,train,4,line_v,97,173,103,243,19,9
train/images/mini_led_000078.png,train/masks/mini_led_000078_mask.png,train/labels/mini_led_000078.txt,train,3,line_h,68,56,92,62,5,7
train/images/mini_led_000078.png,train/masks/mini_led_000078_mask.png,train/labels/mini_led_000078.txt,train,4,line_v,251,209,255,255,23,23
train/images/mini_led_000079.png,train/masks/mini_led_000079_mask.png,train/labels/mini_led_000079.txt,train,2,circle,209,37,227,55,4,20
train/images/mini_led_000079.png,train/masks/mini_led_000079_mask.png,train/labels/mini_led_000079.txt,train,3,line_h,181,171,211,177,16,18
train/images/mini_led_000080.png,train/masks/mini_led_000080_mask.png,train/labels/mini_led_000080.txt,train,1,square,55,43,61,49,4,5
train/images/mini_led_000080.png,train/masks/mini_led_000080_mask.png,train/labels/mini_led_000080.txt,train,0,point,109,89,111,91,8,10
train/images/mini_led_000081.png,train/masks/mini_led_000081_mask.png,train/labels/mini_led_000081.txt,train,2,circle,0,210,11,226,20,0
train/images/mini_led_000081.png,train/masks/mini_led_000081_mask.png,train/labels/mini_led_000081.txt,train,3,line_h,104,35,178,37,3,13
train/images/mini_led_000081.png,train/masks/mini_led_000081_mask.png,train/labels/mini_led_000081.txt,train,1,square,174,14,180,20,1,16
train/images/mini_led_000082.png,train/masks/mini_led_000082_mask.png,train/labels/mini_led_000082.txt,train,0,point,44,121,46,123,11,4
train/images/mini_led_000082.png,train/masks/mini_led_000082_mask.png,train/labels/mini_led_000082.txt,train,1,square,183,23,189,29,2,17
train/images/mini_led_000082.png,train/masks/mini_led_000082_mask.png,train/labels/mini_led_000082.txt,train,1,square,161,181,171,191,17,15
train/images/mini_led_000082.png,train/masks/mini_led_000082_mask.png,train/labels/mini_led_000082.txt,train,3,line_h,143,193,167,195,18,14
train/images/mini_led_000082.png,train/masks/mini_led_000082_mask.png,train/labels/mini_led_000082.txt,train,0,point,155,188,157,190,17,14
train/images/mini_led_000082.png,train/masks/mini_led_000082_mask.png,train/labels/mini_led_000082.txt,train,2,circle,136,189,156,209,18,13
train/images/mini_led_000083.png,train/masks/mini_led_000083_mask.png,train/labels/mini_led_000083.txt,train,2,circle,17,41,37,61,4,2
train/images/mini_led_000083.png,train/masks/mini_led_000083_mask.png,train/labels/mini_led_000083.txt,train,1,square,184,115,192,123,11,17
train/images/mini_led_000083.png,train/masks/mini_led_000083_mask.png,train/labels/mini_led_000083.txt,train,4,line_v,128,223,134,255,22,12
train/images/mini_led_000084.png,train/masks/mini_led_000084_mask.png,train/labels/mini_led_000084.txt,train,0,point,118,191,124,197,18,11
train/images/mini_led_000084.png,train/masks/mini_led_000084_mask.png,train/labels/mini_led_000084.txt,train,2,circle,109,158,119,168,15,10
train/images/mini_led_000084.png,train/masks/mini_led_000084_mask.png,train/labels/mini_led_000084.txt,train,3,line_h,140,227,162,229,21,14
train/images/mini_led_000084.png,train/masks/mini_led_000084_mask.png,train/labels/mini_led_000084.txt,train,3,line_h,16,55,94,57,5,5
train/images/mini_led_000084.png,train/masks/mini_led_000084_mask.png,train/labels/mini_led_000084.txt,train,1,square,182,92,196,106,9,17
train/images/mini_led_000084.png,train/masks/mini_led_000084_mask.png,train/labels/mini_led_000084.txt,train,4,line_v,35,120,37,172,13,3
train/images/mini_led_000085.png,train/masks/mini_led_000085_mask.png,train/labels/mini_led_000085.txt,train,1,square,94,126,104,136,12,9
train/images/mini_led_000085.png,train/masks/mini_led_000085_mask.png,train/labels/mini_led_000085.txt,train,4,line_v,207,193,209,223,19,19
train/images/mini_led_000086.png,train/masks/mini_led_000086_mask.png,train/labels/mini_led_000086.txt,train,0,point,152,45,156,49,4,14
train/images/mini_led_000086.png,train/masks/mini_led_000086_mask.png,train/labels/mini_led_000086.txt,train,2,circle,83,230,99,246,22,8
train/images/mini_led_000086.png,train/masks/mini_led_000086_mask.png,train/labels/mini_led_000086.txt,train,3,line_h,172,152,238,154,14,19
train/images/mini_led_000086.png,train/masks/mini_led_000086_mask.png,train/labels/mini_led_000086.txt,train,4,line_v,204,183,206,255,20,19
train/images/mini_led_000086.png,train/masks/mini_led_000086_mask.png,train/labels/mini_led_000086.txt,train,4,line_v,80,33,82,57,4,7
train/images/mini_led_000087.png,train/masks/mini_led_000087_mask.png,train/labels/mini_led_000087.txt,train,1,square,171,159,177,165,15,16
train/images/mini_led_000087.png,train/masks/mini_led_000087_mask.png,train/labels/mini_led_000087.txt,train,1,square,0,177,11,191,17,0
train/images/mini_led_000087.png,train/masks/mini_led_000087_mask.png,train/labels/mini_led_000087.txt,train,4,line_v,208,0,210,47,0,19
train/images/mini_led_000087.png,train/masks/mini_led_000087_mask.png,train/labels/mini_led_000087.txt,train,1,square,55,45,63,53,4,5
train/images/mini_led_000087.png,train/masks/mini_led_000087_mask.png,train/labels/mini_led_000087.txt,train,2,circle,122,62,138,78,6,12
train/images/mini_led_000087.png,train/masks/mini_led_000087_mask.png,train/labels/mini_led_000087.txt,train,1,square,232,221,242,231,21,22
train/images/mini_led_000087.png,train/masks/mini_led_000087_mask.png,train/labels/mini_led_000087.txt,train,1,square,227,2,235,10,0,21
train/images/mini_led_000088.png,train/masks/mini_led_000088_mask.png,train/labels/mini_led_000088.txt,train,2,circle,23,2,33,12,0,2
train/images/mini_led_000088.png,train/masks/mini_led_000088_mask.png,train/labels/mini_led_000088.txt,train,1,square,57,129,61,133,12,5
train/images/mini_led_000088.png,train/masks/mini_led_000088_mask.png,train/labels/mini_led_000088.txt,train,1,square,29,21,43,35,2,3
train/images/mini_led_000089.png,train/masks/mini_led_000089_mask.png,train/labels/mini_led_000089.txt,train,1,square,184,234,190,240,22,17
train/images/mini_led_000089.png,train/masks/mini_led_000089_mask.png,train/labels/mini_led_000089.txt,train,3,line_h,34,44,78,46,4,5
train/images/mini_led_000089.png,train/masks/mini_led_000089_mask.png,train/labels/mini_led_000089.txt,train,0,point,208,167,210,169,15,19
train/images/mini_led_000089.png,train/masks/mini_led_000089_mask.png,train/labels/mini_led_000089.txt,train,4,line_v,216,77,220,125,9,20
train/images/mini_led_000090.png,train/masks/mini_led_000090_mask.png,train/labels/mini_led_000090.txt,train,2,circle,212,155,228,171,15,20
train/images/mini_led_000090.png,train/masks/mini_led_000090_mask.png,train/labels/mini_led_000090.txt,train,2,circle,21,163,31,173,15,2
train/images/mini_led_000090.png,train/masks/mini_led_000090_mask.png,train/labels/mini_led_000090.txt,train,3,line_h,73,45,131,49,4,9
train/images/mini_led_000091.png,train/masks/mini_led_000091_mask.png,train/labels/mini_led_000091.txt,train,4,line_v,57,120,61,206,15,5
train/images/mini_led_000091.png,train/masks/mini_led_000091_mask.png,train/labels/mini_led_000091.txt,train,0,point,106,88,112,94,8,10
train/images/mini_led_000091.png,train/masks/mini_led_000091_mask.png,train/labels/mini_led_000091.txt,train,1,square,42,222,54,234,21,4
train/images/mini_led_000091.png,train/masks/mini_led_000091_mask.png,train/labels/mini_led_000091.txt,train,2,circle,30,76,42,88,7,3
train/images/mini_led_000091.png,train/masks/mini_led_000091_mask.png,train/labels/mini_led_000091.txt,train,2,circle,61,134,83,156,13,6
train/images/mini_led_000091.png,train/masks/mini_led_000091_mask.png,train/labels/mini_led_000091.txt,train,3,line_h,205,124,255,126,11,23
train/images/mini_led_000091.png,train/masks/mini_led_000091_mask.png,train/labels/mini_led_000091.txt,train,4,line_v,209,122,211,164,13,19
train/images/mini_led_000092.png,train/masks/mini_led_000092_mask.png,train/labels/mini_led_000092.txt,train,2,circle,21,171,29,179,16,2
train/images/mini_led_000092.png,train/masks/mini_led_000092_mask.png,train/labels/mini_led_000092.txt,train,0,point,80,218,84,222,20,7
train/images/mini_led_000092.png,train/masks/mini_led_000092_mask.png,train/labels/mini_led_000092.txt,train,0,point,131,25,137,31,2,12
train/images/mini_led_000092.png,train/masks/mini_led_000092_mask.png,train/labels/mini_led_000092.txt,train,2,circle,144,188,162,206,18,14
train/images/mini_led_000092.png,train/masks/mini_led_000092_mask.png,train/labels/mini_led_000092.txt,train,2,circle,99,138,109,148,13,9
train/images/mini_led_000092.png,train/masks/mini_led_000092_mask.png,train/labels/mini_led_000092.txt,train,2,circle,120,158,130,168,15,11
train/images/mini_led_000092.png,train/masks/mini_led_000092_mask.png,train/labels/mini_led_000092.txt,train,4,line_v,218,181,220,217,18,20
train/images/mini_led_000092.png,train/masks/mini_led_000092_mask.png,train/labels/mini_led_000092.txt,train,3,line_h,118,113,174,115,10,13
train/images/mini_led_000093.png,train/masks/mini_led_000093_mask.png,train/labels/mini_led_000093.txt,train,3,line_h,132,59,216,63,5,16
train/images/mini_led_000093.png,train/masks/mini_led_000093_mask.png,train/labels/mini_led_000093.txt,train,4,line_v,101,104,103,164,12,9
train/images/mini_led_000093.png,train/masks/mini_led_000093_mask.png,train/labels/mini_led_000093.txt,train,1,square,205,171,211,177,16,19
train/images/mini_led_000093.png,train/masks/mini_led_000093_mask.png,train/labels/mini_led_000093.txt,train,2,circle,191,131,199,139,12,18
train/images/mini_led_000094.png,train/masks/mini_led_000094_mask.png,train/labels/mini_led_000094.txt,train,2,circle,73,126,89,142,12,7
train/images/mini_led_000094.png,train/masks/mini_led_000094_mask.png,train/labels/mini_led_000094.txt,train,0,point,220,120,222,122,11,20
train/images/mini_led_000095.png,train/masks/mini_led_000095_mask.png,train/labels/mini_led_000095.txt,train,1,square,139,224,147,232,21,13
train/images/mini_led_000095.png,train/masks/mini_led_000095_mask.png,train/labels/mini_led_000095.txt,train,4,line_v,23,213,25,255,22,2
train/images/mini_led_000095.png,train/masks/mini_led_000095_mask.png,train/labels/mini_led_000095.txt,train,0,point,42,97,48,103,9,4
train/images/mini_led_000095.png,train/masks/mini_led_000095_mask.png,train/labels/mini_led_000095.txt,train,1,square,47,235,53,241,22,4
train/images/mini_led_000095.png,train/masks/mini_led_000095_mask.png,train/labels/mini_led_000095.txt,train,0,point,32,129,36,133,12,3
train/images/mini_led_000095.png,train/masks/mini_led_000095_mask.png,train/labels/mini_led_000095.txt,train,4,line_v,13,0,15,62,1,1
train/images/mini_led_000095.png,train/masks/mini_led_000095_mask.png,train/labels/mini_led_000095.txt,train,1,square,97,20,103,26,2,9
val/images/mini_led_000096.png,val/masks/mini_led_000096_mask.png,val/labels/mini_led_000096.txt,val,3,line_h,0,96,50,100,9,0
val/images/mini_led_000097.png,val/masks/mini_led_000097_mask.png,val/labels/mini_led_000097.txt,val,4,line_v,123,233,125,255,23,11
val/images/mini_led_000097.png,val/masks/mini_led_000097_mask.png,val/labels/mini_led_000097.txt,val,0,point,191,173,197,179,16,18
val/images/mini_led_000098.png,val/masks/mini_led_000098_mask.png,val/labels/mini_led_000098.txt,val,2,circle,235,33,245,43,3,22
val/images/mini_led_000098.png,val/masks/mini_led_000098_mask.png,val/labels/mini_led_000098.txt,val,2,circle,146,188,168,210,18,14
val/images/mini_led_000098.png,val/masks/mini_led_000098_mask.png,val/labels/mini_led_000098.txt,val,1,square,223,4,229,10,0,21
val/images/mini_led_000098.png,val/masks/mini_led_000098_mask.png,val/labels/mini_led_000098.txt,val,0,point,69,91,71,93,8,6
val/images/mini_led_000099.png,val/masks/mini_led_000099_mask.png,val/labels/mini_led_000099.txt,val,1,square,18,42,30,54,4,2
val/images/mini_led_000099.png,val/masks/mini_led_000099_mask.png,val/labels/mini_led_000099.txt,val,0,point,154,207,158,211,19,14
val/images/mini_led_000099.png,val/masks/mini_led_000099_mask.png,val/labels/mini_led_000099.txt,val,0,point,121,91,123,93,8,11
val/images/mini_led_000099.png,val/masks/mini_led_000099_mask.png,val/labels/mini_led_000099.txt,val,4,line_v,14,189,16,255,21,1
val/images/mini_led_000099.png,val/masks/mini_led_000099_mask.png,val/labels/mini_led_000099.txt,val,0,point,194,227,198,231,21,18
val/images/mini_led_000099.png,val/masks/mini_led_000099_mask.png,val/labels/mini_led_000099.txt,val,1,square,110,214,120,224,20,10
val/images/mini_led_000099.png,val/masks/mini_led_000099_mask.png,val/labels/mini_led_000099.txt,val,4,line_v,24,132,28,200,15,2
val/images/mini_led_000099.png,val/masks/mini_led_000099_mask.png,val/labels/mini_led_000099.txt,val,0,point,1,133,7,139,12,0
val/images/mini_led_000100.png,val/masks/mini_led_000100_mask.png,val/labels/mini_led_000100.txt,val,1,square,2,95,12,105,9,0
val/images/mini_led_000100.png,val/masks/mini_led_000100_mask.png,val/labels/mini_led_000100.txt,val,1,square,97,54,111,68,5,9
val/images/mini_led_000100.png,val/masks/mini_led_000100_mask.png,val/labels/mini_led_000100.txt,val,0,point,14,160,20,166,15,1
val/images/mini_led_000100.png,val/masks/mini_led_000100_mask.png,val/labels/mini_led_000100.txt,val,2,circle,86,29,96,39,3,8
val/images/mini_led_000100.png,val/masks/mini_led_000100_mask.png,val/labels/mini_led_000100.txt,val,2,circle,147,179,161,193,17,14
val/images/mini_led_000100.png,val/masks/mini_led_000100_mask.png,val/labels/mini_led_000100.txt,val,2,circle,0,0,11,15,0,0
val/images/mini_led_000101.png,val/masks/mini_led_000101_mask.png,val/labels/mini_led_000101.txt,val,0,point,14,204,18,208,19,1
val/images/mini_led_000101.png,val/masks/mini_led_000101_mask.png,val/labels/mini_led_000101.txt,val,3,line_h,100,167,186,169,15,13
val/images/mini_led_000101.png,val/masks/mini_led_000101_mask.png,val/labels/mini_led_000101.txt,val,3,line_h,0,132,23,136,12,0
val/images/mini_led_000101.png,val/masks/mini_led_000101_mask.png,val/labels/mini_led_000101.txt,val,1,square,150,11,156,17,1,14
val/images/mini_led_000101.png,val/masks/mini_led_000101_mask.png,val/labels/mini_led_000101.txt,val,3,line_h,170,164,198,170,15,17
val/images/mini_led_000101.png,val/masks/mini_led_000101_mask.png,val/labels/mini_led_000101.txt,val,4,line_v,224,44,230,132,8,21
val/images/mini_led_000101.png,val/masks/mini_led_000101_mask.png,val/labels/mini_led_000101.txt,val,1,square,191,103,203,115,10,18
val/images/mini_led_000101.png,val/masks/mini_led_000101_mask.png,val/labels/mini_led_000101.txt,val,0,point,140,110,146,116,10,13
val/images/mini_led_000102.png,val/masks/mini_led_000102_mask.png,val/labels/mini_led_000102.txt,val,3,line_h,177,97,217,99,9,18
val/images/mini_led_000102.png,val/masks/mini_led_000102_mask.png,val/labels/mini_led_000102.txt,val,2,circle,149,221,163,235,21,14
val/images/mini_led_000102.png,val/masks/mini_led_000102_mask.png,val/labels/mini_led_000102.txt,val,0,point,13,11,19,17,1,1
val/images/mini_led_000102.png,val/masks/mini_led_000102_mask.png,val/labels/mini_led_000102.txt,val,3,line_h,186,236,248,238,22,20
val/images/mini_led_000102.png,val/masks/mini_led_000102_mask.png,val/labels/mini_led_000102.txt,val,0,point,90,23,96,29,2,8
val/images/mini_led_000102.png,val/masks/mini_led_000102_mask.png,val/labels/mini_led_000102.txt,val,2,circle,162,1,174,13,0,15
val/images/mini_led_000102.png,val/masks/mini_led_000102_mask.png,val/labels/mini_led_000102.txt,val,4,line_v,116,128,122,182,14,11
val/images/mini_led_000102.png,val/masks/mini_led_000102_mask.png,val/labels/mini_led_000102.txt,val,0,point,231,165,233,167,15,21
val/images/mini_led_000103.png,val/masks/mini_led_000103_mask.png,val/labels/mini_led_000103.txt,val,0,point,151,153,155,157,14,14
val/images/mini_led_000103.png,val/masks/mini_led_000103_mask.png,val/labels/mini_led_000103.txt,val,1,square,223,67,229,73,6,21
val/images/mini_led_000103.png,val/masks/mini_led_000103_mask.png,val/labels/mini_led_000103.txt,val,3,line_h,122,183,166,185,17,13
val/images/mini_led_000103.png,val/masks/mini_led_000103_mask.png,val/labels/mini_led_000103.txt,val,2,circle,51,187,67,203,18,5
val/images/mini_led_000103.png,val/masks/mini_led_000103_mask.png,val/labels/mini_led_000103.txt,val,2,circle,194,82,216,104,8,19
val/images/mini_led_000103.png,val/masks/mini_led_000103_mask.png,val/labels/mini_led_000103.txt,val,1,square,141,34,151,44,3,13
val/images/mini_led_000103.png,val/masks/mini_led_000103_mask.png,val/labels/mini_led_000103.txt,val,1,square,11,245,15,249,23,1
val/images/mini_led_000103.png,val/masks/mini_led_000103_mask.png,val/labels/mini_led_000103.txt,val,4,line_v,77,136,81,198,15,7
val/images/mini_led_000104.png,val/masks/mini_led_000104_mask.png,val/labels/mini_led_000104.txt,val,3,line_h,72,14,134,16,1,9
val/images/mini_led_000104.png,val/masks/mini_led_000104_mask.png,val/labels/mini_led_000104.txt,val,2,circle,236,20,248,32,2,22
val/images/mini_led_000104.png,val/masks/mini_led_000104_mask.png,val/labels/mini_led_000104.txt,val,3,line_h,107,49,183,53,4,13
val/images/mini_led_000104.png,val/masks/mini_led_000104_mask.png,val/labels/mini_led_000104.txt,val,4,line_v,57,177,59,233,19,5
val/images/mini_led_000104.png,val/masks/mini_led_000104_mask.png,val/labels/mini_led_000104.txt,val,4,line_v,223,172,229,198,17,21
val/images/mini_led_000105.png,val/masks/mini_led_000105_mask.png,val/labels/mini_led_000105.txt,val,0,point,120,3,122,5,0,11
val/images/mini_led_000105.png,val/masks/mini_led_000105_mask.png,val/labels/mini_led_000105.txt,val,4,line_v,10,157,16,221,17,1
val/images/mini_led_000105.png,val/masks/mini_led_000105_mask.png,val/labels/mini_led_000105.txt,val,4,line_v,113,0,115,62,2,10
val/images/mini_led_000105.png,val/masks/mini_led_000105_mask.png,val/labels/mini_led_000105.txt,val,0,point,80,81,84,85,7,7
val/images/mini_led_000105.png,val/masks/mini_led_000105_mask.png,val/labels/mini_led_000105.txt,val,2,circle,192,84,204,96,8,18
val/images/mini_led_000105.png,val/masks/mini_led_000105_mask.png,val/labels/mini_led_000105.txt,val,0,point,175,99,177,101,9,16
val/images/mini_led_000105.png,val/masks/mini_led_000105_mask.png,val/labels/mini_led_000105.txt,val,0,point,202,149,208,155,14,19
val/images/mini_led_000105.png,val/masks/mini_led_000105_mask.png,val/labels/mini_led_000105.txt,val,0,point,162,165,164,167,15,15
val/images/mini_led_000106.png,val/masks/mini_led_000106_mask.png,val/labels/mini_led_000106.txt,val,4,line_v,47,15,51,61,3,4
val/images/mini_led_000107.png,val/masks/mini_led_000107_mask.png,val/labels/mini_led_000107.txt,val,1,square,102,246,106,250,23,9
val/images/mini_led_000107.png,val/masks/mini_led_000107_mask.png,val/labels/mini_led_000107.txt,val,3,line_h,170,218,202,224,20,17
val/images/mini_led_000108.png,val/masks/mini_led_000108_mask.png,val/labels/mini_led_000108.txt,val,2,circle,98,220,120,242,21,10
val/images/mini_led_000108.png,val/masks/mini_led_000108_mask.png,val/labels/mini_led_000108.txt,val,0,point,130,0,136,5,0,12
val/images/mini_led_000109.png,val/masks/mini_led_000109_mask.png,val/labels/mini_led_000109.txt,val,1,square,171,178,183,190,17,16
val/images/mini_led_000109.png,val/masks/mini_led_000109_mask.png,val/labels/mini_led_000109.txt,val,0,point,27,167,29,169,15,2
val/images/mini_led_000109.png,val/masks/mini_led_000109_mask.png,val/labels/mini_led_000109.txt,val,4,line_v,35,136,39,230,17,3
val/images/mini_led_000109.png,val/masks/mini_led_000109_mask.png,val/labels/mini_led_000109.txt,val,1,square,213,215,225,227,20,20
val/images/mini_led_000109.png,val/masks/mini_led_000109_mask.png,val/labels/mini_led_000109.txt,val,3,line_h,109,79,135,85,7,11
val/images/mini_led_000109.png,val/masks/mini_led_000109_mask.png,val/labels/mini_led_000109.txt,val,1,square,170,215,176,221,20,16
val/images/mini_led_000110.png,val/masks/mini_led_000110_mask.png,val/labels/mini_led_000110.txt,val,1,square,161,128,169,136,12,15
val/images/mini_led_000110.png,val/masks/mini_led_000110_mask.png,val/labels/mini_led_000110.txt,val,1,square,64,211,76,223,20,6
val/images/mini_led_000110.png,val/masks/mini_led_000110_mask.png,val/labels/mini_led_000110.txt,val,1,square,15,153,19,157,14,1
val/images/mini_led_000110.png,val/masks/mini_led_000110_mask.png,val/labels/mini_led_000110.txt,val,0,point,132,245,138,251,23,12
val/images/mini_led_000110.png,val/masks/mini_led_000110_mask.png,val/labels/mini_led_000110.txt,val,4,line_v,139,0,141,36,0,13
val/images/mini_led_000110.png,val/masks/mini_led_000110_mask.png,val/labels/mini_led_000110.txt,val,4,line_v,128,0,134,81,3,12
val/images/mini_led_000110.png,val/masks/mini_led_000110_mask.png,val/labels/mini_led_000110.txt,val,3,line_h,86,100,160,102,9,11
val/images/mini_led_000110.png,val/masks/mini_led_000110_mask.png,val/labels/mini_led_000110.txt,val,1,square,0,76,8,86,7,0
val/images/mini_led_000111.png,val/masks/mini_led_000111_mask.png,val/labels/mini_led_000111.txt,val,2,circle,171,201,181,211,19,16
val/images/mini_led_000111.png,val/masks/mini_led_000111_mask.png,val/labels/mini_led_000111.txt,val,4,line_v,130,0,132,35,0,12
val/images/mini_led_000111.png,val/masks/mini_led_000111_mask.png,val/labels/mini_led_000111.txt,val,1,square,29,128,41,140,12,3
val/images/mini_led_000111.png,val/masks/mini_led_000111_mask.png,val/labels/mini_led_000111.txt,val,1,square,140,225,148,233,21,13
val/images/mini_led_000111.png,val/masks/mini_led_000111_mask.png,val/labels/mini_led_000111.txt,val,2,circle,11,29,21,39,3,1
val/images/mini_led_000111.png,val/masks/mini_led_000111_mask.png,val/labels/mini_led_000111.txt,val,1,square,171,243,181,253,23,16
val/images/mini_led_000111.png,val/masks/mini_led_000111_mask.png,val/labels/mini_led_000111.txt,val,4,line_v,177,151,179,239,18,16
val/images/mini_led_000111.png,val/masks/mini_led_000111_mask.png,val/labels/mini_led_000111.txt,val,2,circle,128,86,138,96,8,12
val/images/mini_led_000112.png,val/masks/mini_led_000112_mask.png,val/labels/mini_led_000112.txt,val,2,circle,185,229,207,251,22,18
val/images/mini_led_000112.png,val/masks/mini_led_000112_mask.png,val/labels/mini_led_000112.txt,val,0,point,97,169,103,175,16,9
val/images/mini_led_000112.png,val/masks/mini_led_000112_mask.png,val/labels/mini_led_000112.txt,val,1,square,87,215,95,223,20,8
val/images/mini_led_000112.png,val/masks/mini_led_000112_mask.png,val/labels/mini_led_000112.txt,val,4,line_v,193,46,197,112,7,18
val/images/mini_led_000112.png,val/masks/mini_led_000112_mask.png,val/labels/mini_led_000112.txt,val,0,point,226,10,232,16,1,21
val/images/mini_led_000112.png,val/masks/mini_led_000112_mask.png,val/labels/mini_led_000112.txt,val,3,line_h,141,140,193,146,13,15
val/images/mini_led_000112.png,val/masks/mini_led_000112_mask.png,val/labels/mini_led_000112.txt,val,3,line_h,167,118,201,122,11,17
val/images/mini_led_000112.png,val/masks/mini_led_000112_mask.png,val/labels/mini_led_000112.txt,val,4,line_v,12,135,16,223,16,1
val/images/mini_led_000113.png,val/masks/mini_led_000113_mask.png,val/labels/mini_led_000113.txt,val,1,square,28,199,42,213,19,3
val/images/mini_led_000113.png,val/masks/mini_led_000113_mask.png,val/labels/mini_led_000113.txt,val,0,point,163,49,165,51,4,15
val/images/mini_led_000114.png,val/masks/mini_led_000114_mask.png,val/labels/mini_led_000114.txt,val,4,line_v,50,33,52,101,6,4
val/images/mini_led_000114.png,val/masks/mini_led_000114_mask.png,val/labels/mini_led_000114.txt,val,2,circle,0,52,16,70,5,0
val/images/mini_led_000114.png,val/masks/mini_led_000114_mask.png,val/labels/mini_led_000114.txt,val,3,line_h,0,5,25,7,0,0
val/images/mini_led_000114.png,val/masks/mini_led_000114_mask.png,val/labels/mini_led_000114.txt,val,2,circle,113,39,133,59,4,11
val/images/mini_led_000115.png,val/masks/mini_led_000115_mask.png,val/labels/mini_led_000115.txt,val,3,line_h,155,45,213,47,4,17
val/images/mini_led_000115.png,val/masks/mini_led_000115_mask.png,val/labels/mini_led_000115.txt,val,3,line_h,0,174,55,178,16,1
val/images/mini_led_000115.png,val/masks/mini_led_000115_mask.png,val/labels/mini_led_000115.txt,val,3,line_h,86,156,110,158,14,9
val/images/mini_led_000116.png,val/masks/mini_led_000116_mask.png,val/labels/mini_led_000116.txt,val,3,line_h,208,163,255,167,15,23
val/images/mini_led_000116.png,val/masks/mini_led_000116_mask.png,val/labels/mini_led_000116.txt,val,2,circle,101,241,117,255,23,10
val/images/mini_led_000116.png,val/masks/mini_led_000116_mask.png,val/labels/mini_led_000116.txt,val,2,circle,182,213,192,223,20,17
val/images/mini_led_000117.png,val/masks/mini_led_000117_mask.png,val/labels/mini_led_000117.txt,val,3,line_h,201,5,229,7,0,20
val/images/mini_led_000117.png,val/masks/mini_led_000117_mask.png,val/labels/mini_led_000117.txt,val,1,square,226,48,232,54,4,21
val/images/mini_led_000117.png,val/masks/mini_led_000117_mask.png,val/labels/mini_led_000117.txt,val,2,circle,35,67,57,89,7,4
val/images/mini_led_000117.png,val/masks/mini_led_000117_mask.png,val/labels/mini_led_000117.txt,val,4,line_v,178,229,180,255,22,16
val/images/mini_led_000117.png,val/masks/mini_led_000117_mask.png,val/labels/mini_led_000117.txt,val,4,line_v,171,175,177,241,19,16
val/images/mini_led_000117.png,val/masks/mini_led_000117_mask.png,val/labels/mini_led_000117.txt,val,0,point,22,172,28,178,16,2
val/images/mini_led_000117.png,val/masks/mini_led_000117_mask.png,val/labels/mini_led_000117.txt,val,0,point,0,162,5,168,15,0
val/images/mini_led_000117.png,val/masks/mini_led_000117_mask.png,val/labels/mini_led_000117.txt,val,2,circle,27,35,47,55,4,3
val/images/mini_led_000118.png,val/masks/mini_led_000118_mask.png,val/labels/mini_led_000118.txt,val,1,square,21,94,35,108,9,2
val/images/mini_led_000118.png,val/masks/mini_led_000118_mask.png,val/labels/mini_led_000118.txt,val,4,line_v,226,3,230,51,2,21
val/images/mini_led_000118.png,val/masks/mini_led_000118_mask.png,val/labels/mini_led_000118.txt,val,0,point,54,187,58,191,17,5
val/images/mini_led_000118.png,val/masks/mini_led_000118_mask.png,val/labels/mini_led_000118.txt,val,2,circle,233,218,249,234,21,22
val/images/mini_led_000119.png,val/masks/mini_led_000119_mask.png,val/labels/mini_led_000119.txt,val,3,line_h,66,46,160,50,4,10
val/images/mini_led_000119.png,val/masks/mini_led_000119_mask.png,val/labels/mini_led_000119.txt,val,3,line_h,45,123,69,125,11,5
val/images/mini_led_000119.png,val/masks/mini_led_000119_mask.png,val/labels/mini_led_000119.txt,val,3,line_h,57,109,103,111,10,7
val/images/mini_led_000119.png,val/masks/mini_led_000119_mask.png,val/labels/mini_led_000119.txt,val,0,point,23,46,27,50,4,2
val/images/mini_led_000119.png,val/masks/mini_led_000119_mask.png,val/labels/mini_led_000119.txt,val,0,point,80,92,82,94,8,7
val/images/mini_led_000119.png,val/masks/mini_led_000119_mask.png,val/labels/mini_led_000119.txt,val,4,line_v,140,195,142,247,20,13
